Asset ID,Business Owner,Technical Owner
SRV-0001,Infrastructure,Jamie Christian
SRV-0002,Infrastructure,Jamie Christian
SRV-0003,Infrastructure,Jamie Christian
SRV-0004,Infrastructure,Jamie Christian
SRV-0005,Infrastructure,Jamie Christian
SRV-0006,Infrastructure,Jamie Christian
SRV-0007,Infrastructure,Jamie Christian
SRV-0008,Infrastructure,Jamie Christian
SRV-0009,Infrastructure,Jamie Christian
SRV-0010,Infrastructure,Jamie Christian
SRV-0011,Infrastructure,Jamie Christian
SRV-0012,Infrastructure,Jamie Christian
SRV-0013,Infrastructure,Jamie Christian
SRV-0014,Infrastructure,Jamie Christian
SRV-0015,Infrastructure,Jamie Christian
SRV-0016,Infrastructure,Jamie Christian
SRV-0017,Infrastructure,Jamie Christian
SRV-0018,Infrastructure,Jamie Christian
SRV-0019,Infrastructure,Jamie Christian
SRV-0020,Infrastructure,Jamie Christian
